continent,国家,country,area,smoke,fat,sport,hypertension,hyperglycemia,deaths,gdp,population,deathRate,smoke_m,smoke_f,fat_m,fat_f,sport_m,sport_f,hypertension_m,hypertension_f,hyperglycemia_m,hyperglycemia_f
0,阿尔巴尼亚,Albania,"27,400",Not available,22.3,No data,31.6,8.3,14930,3800,"3,195,900",0.706812479,0.91,0.09,0.49,0.51,No data,No data,0.55,0.45,0.51,0.49
0,安道尔,Andorra,470,Not available,28,42.9,24.5,9.1,,,"77,281",,0.58,0.42,0.5,0.5,0.48,0.52,0.57,0.43,0.55,0.45
0,奥地利,Austria,"82,523",33,21.9,32.5,27.4,6,33017,45816,"8,441,500",0.537508547,0.58,0.42,0.53,0.47,0.44,0.56,0.55,0.45,0.59,0.41
0,白俄罗斯,Belarus,"202,988",23,26.6,15.2,31.8,9.5,73656,5142,"9,499,300",0.775,0.86,0.14,0.45,0.55,0.47,0.53,0.55,0.45,0.47,0.53
0,比利时,Belgium,"30,280",18.9,24.5,38.6,23.5,6.4,30963,41051,"11,375,000",0.441691274,0.57,0.43,0.51,0.49,0.43,0.57,0.58,0.42,0.58,0.42
0,波黑,Bosnia and Herzegovina,"51,200",28.8,19.4,26,36.7,9.3,20279,,"3,516,816",0.642940934,0.61,0.39,0.47,0.53,0.44,0.56,0.52,0.48,0.51,0.49
0,保加利亚,Bulgaria,"108,560",28.9,27.4,41.2,36.3,10.3,67831,7404,"7,079,800",0.72628085,0.68,0.32,0.5,0.5,0.46,0.54,0.54,0.46,0.52,0.48
0,克罗地亚,Croatia,"55,960",36.3,27.1,33.4,41,9.9,23084,11856,"4,254,600",0.5609039,0.55,0.45,0.48,0.52,0.42,0.58,0.54,0.46,0.54,0.46
0,捷克,Czech,"77,220",22.2,28.5,33.2,34.1,9.6,47334,18286,"10,554,000",0.566487547,0.61,0.39,0.5,0.5,0.45,0.55,0.57,0.43,0.53,0.47
0,丹麦,Denmark,"41,990",17,21.3,30.8,27,6.1,12484,54308,"5,648,000",0.354306797,0.5,0.5,0.56,0.44,0.45,0.55,0.59,0.41,0.59,0.41
0,爱沙尼亚,Estonia,"43,470",26,23.8,34.2,34.3,9.3,7840,17743,"1,303,600",0.637605725,0.66,0.34,0.46,0.54,0.45,0.55,0.55,0.45,0.49,0.51
0,芬兰,Finland,"303,910",15.8,24.9,18.7,26.5,7.7,19060,43136,"5,491,500",0.565813691,0.59,0.41,0.52,0.48,0.51,0.49,0.56,0.44,0.56,0.44
0,法国,France,"547,557",32.3,23.2,32.3,28.5,8,143401,38076,"64,693,000",0.398066311,1,0,0.51,0.49,0.41,0.59,0.57,0.43,0.59,0.41
0,德国,Germany,"349,360",20.9,25.7,45.8,27.7,7.4,343531,42633,"81,313,000",0.518527184,0.59,0.41,0.52,0.48,0.48,0.52,0.55,0.45,0.57,0.43
0,希腊,Greece,"128,900",36.6,27.4,40.6,26,9.1,46098,17803,"10,911,000",0.513489429,0.68,0.32,0.48,0.52,0.45,0.55,0.54,0.46,0.52,0.48
0,匈牙利,Hungary,"90,530",18.5,28.6,40.6,36.7,10,61463,12792,"9,824,600",0.592134799,0.61,0.39,0.52,0.48,0.43,0.57,0.55,0.45,0.53,0.47
0,冰岛,Iceland,"100,250",11,23.1,No data,23.2,7.1,714,58991,"329,610",0.463335496,0.48,0.52,0.55,0.45,No data,No data,0.63,0.37,0.63,0.37
0,爱尔兰,Ireland,"68,890",Not available,26.9,34.3,22.8,7.3,8745,60636,"4,842,100",0.412091796,Not available,Not available,0.49,0.51,0.43,0.57,0.56,0.44,0.58,0.42
0,意大利,Italy,"294,140",Not available,22.9,44.8,29.7,8.5,229802,30919,"59,857,000",0.492340719,Not available,Not available,0.49,0.51,0.44,0.56,0.53,0.47,0.56,0.44
0,拉托维亚,Latvia,"64,589",Not available,25.7,32,36.4,9.4,15901,1394,"19,861,000",0.698791474,Not available,Not available,0.45,0.55,0.43,0.57,0.55,0.45,0.49,0.51
0,立陶宛,Lithuania,"62,642",20.5,28.4,29,34.5,9.7,23167,14467,"2,954,900",0.715936834,0.73,0.27,0.45,0.55,0.43,0.57,0.55,0.45,0.51,0.49
0,卢森堡,Luxembourg,"2,430",15,24.2,29.9,26.2,6.8,1190,107015,"555,700",0.443533358,Not available,Not available,0.54,0.46,0.46,0.54,0.6,0.4,0.61,0.39
0,马耳他,Malta,320,Not available,31,44.1,24.9,10.1,1336,2457,"4,258,000",0.508564903,0.62,0.38,0.5,0.5,0.43,0.57,0.58,0.42,0.56,0.44
0,摩尔多瓦,Moldova,"32,890",23.3,20.1,11.7,33.2,9.3,27384,1874,"3,549,400",0.760983743,0.9,0.1,0.42,0.58,0.51,0.49,0.53,0.47,0.45,0.55
0,摩纳哥,Monaco,2,Not available,No data,No data,No data,No data,,,"38,499",,Not available,Not available,No data,No data,No data,No data,No data,No data,No data,No data
0,黑山,Montenegro,"13,450",Not available,24.9,No data,34,8.7,3786,7020,"604,250",0.681793625,Not available,Not available,0.49,0.51,No data,No data,0.56,0.44,0.51,0.49
0,荷兰,Netherlands,"33,690",19,23.1,29.5,25,6.1,38132,45403,"16,985,000",0.383934595,0.5,0.5,0.49,0.51,0.47,0.53,0.57,0.43,0.57,0.43
0,北马其顿,North Macedonia,"25,220",Not available,23.9,No data,32.4,8.4,12234,,"2,080,745",0.677371131,Not available,Not available,0.5,0.5,No data,No data,0.55,0.45,0.51,0.49
0,挪威,Norway,"365,123",13,25,33.6,24.9,6.6,11616,72844,"5,085,500",0.433416664,0.52,0.48,0.5,0.5,0.47,0.53,0.58,0.42,0.59,0.41
0,波兰,Poland,"306,190",22,25.6,34.3,34.2,9.5,181988,12105,"38,627,000",0.576847857,0.6,0.4,0.5,0.5,0.48,0.52,0.56,0.44,0.51,0.49
0,葡萄牙,Portugal,"91,606",Not available,23.2,46.3,31.7,9.2,31045,19868,"10,306,000",0.436718387,Not available,Not available,0.48,0.52,0.44,0.56,0.55,0.45,0.58,0.42
0,罗马尼亚,Romania,"230,080",24.3,24.5,37.6,35.4,8.4,145284,9667,"19,348,000",0.693158776,0.71,0.29,0.51,0.49,0.45,0.55,0.54,0.46,0.5,0.5
0,俄罗斯,Russia,"16,376,870",Not available,25.7,18,31.7,9.3,1022790,8748,"146,405,000",0.717728229,0.77,0.23,0.39,0.61,0.46,0.54,0.54,0.46,0.44,0.56
0,圣马力诺,San Marino,60,Not available,No data,No data,No data,No data,,47771,"32,572",,Not available,Not available,No data,No data,No data,No data,No data,No data,No data,No data
0,塞尔维亚,Serbia,"87,460",29.2,23.5,41.2,35,8.6,57465,5324,"7,090,000",0.641615399,0.56,0.44,0.48,0.52,0.44,0.56,0.54,0.46,0.51,0.49
0,斯洛伐克,Slovakia,"48,080",Not available,22.4,36.2,33,8.6,20548,16478,"5,432,900",0.547961279,Not available,Not available,0.5,0.5,0.44,0.56,0.56,0.44,0.53,0.47
0,斯洛文尼亚,Slovenia,"20,142",Not available,22.5,34.7,38.2,9.5,7988,21534,"2,043,700",0.520865936,Not available,Not available,0.48,0.52,0.43,0.57,0.55,0.45,0.48,0.52
0,西班牙,Spain,"499,564",24,27.1,29.6,25.2,9.4,118199,26769,"46,046,000",0.419930153,0.58,0.42,0.5,0.5,0.43,0.57,0.56,0.44,0.56,0.44
0,瑞典,Sweden,"407,310",11,22.1,25.2,25.9,6.9,31646,51852,"9,862,700",0.507896257,0.5,0.5,0.55,0.45,0.46,0.54,0.57,0.43,0.57,0.43
0,瑞士,Switzerland,"39,516",17.6,21.2,26,23.5,5.6,21325,81824,"8,064,300",0.479008962,0.6,0.4,0.56,0.44,0.45,0.55,0.57,0.43,0.61,0.39
0,乌克兰,Ukraine,"579,290",Not available,26.1,20.7,32.4,9.1,402391,2192,"42,539,000",0.781218876,0.8,0.2,0.45,0.55,0.46,0.54,0.53,0.47,0.46,0.54
0,英国,United Kingdom,"241,930",Not available,29.5,38.4,20.3,7.7,150442,40366,"65,133,000",0.400955201,Not available,Not available,0.48,0.52,0.44,0.56,0.54,0.46,0.55,0.45
1,阿富汗,Afghanistan,"652,860",Not available,4.5,No data,23,8.4,51244,549,"33,533,000",0.603012474,Not available,Not available,0.3,0.7,No data,No data,0.51,0.49,0.48,0.52
1,亚美尼亚,Armenia,"28,470",23,20.9,23.3,27.4,12.3,12288,3613,"2,976,600",0.546376167,0.96,0.04,0.41,0.59,0.51,0.49,0.51,0.49,0.45,0.55
1,阿塞拜疆,Azerbaijan,"82,670",Not available,19.9,No data,23,11.6,32390,3796,"9,894,100",0.705480049,Not available,Not available,0.4,0.6,No data,No data,0.52,0.48,0.45,0.55
1,巴林,Bahrain,778,17.9,28.7,No data,16.3,8.5,775,2167,"14,726,000",0.447718082,0.84,0.16,0.41,0.59,No data,No data,0.56,0.44,0.51,0.49
1,孟加拉国,Bangladesh,"130,170",25.4,3.4,26.1,20.9,8,257555,1386,"164,403,000",0.5508809,0.98,0.02,0.32,0.68,0.28,0.72,0.52,0.48,0.54,0.46
1,不丹,Bhutan,"38,144",4.3,5.8,21.9,23.3,9.2,1330,2680,"778,130",0.550952775,0.74,0.26,0.38,0.62,0.37,0.63,0.53,0.47,0.52,0.48
1,文莱,Brunei ,"5,270",Not available,14.7,26.5,17.8,9,472,23702,"441,220",0.424079066,Not available,Not available,0.44,0.56,0.38,0.62,0.59,0.41,0.49,0.51
1,柬埔寨,Cambodia,"176,520",18.7,3.5,9.8,22.6,5.9,22536,1223,"15,830,000",0.541574546,0.92,0.08,0.36,0.64,0.46,0.54,0.5,0.5,0.48,0.52
1,中国,China,"9,634,057",24.1,6.6,14.4,20.6,9.4,4475660,8103,"1,384,413,771",0.562927101,0.96,0.04,0.47,0.53,0.56,0.44,0.55,0.45,0.56,0.44
1,塞浦路斯,Cyprus,"9,240",26.5,22.6,45.3,22.1,7.8,2825,16555,"1,203,900",0.465020576,0.73,0.27,0.5,0.5,0.43,0.57,0.57,0.43,0.57,0.43
1,东帝汶,East-Timor,"14,870",Not available,2.9,17.1,21.2,3.9,1318,1910,"1,309,100",0.522187005,0.98,0.02,0.36,0.64,0.28,0.72,0.49,0.51,0.47,0.53
1,格鲁吉亚,Georgia,"69,490",27.7,23.3,19,31.5,15,36308,3263,"4,432,500",0.774702883,0.93,0.07,0.43,0.57,0.47,0.53,0.51,0.49,0.5,0.5
1,印度,India,"2,973,190",10.7,3.8,33.3,23.5,7.8,2590089,1683,"1,340,492,707",0.547425382,0.88,0.12,0.36,0.64,0.35,0.65,0.52,0.48,0.51,0.49
1,印度尼西亚,Indonesia,"1,811,570",24.3,6.9,21.5,22,7,655055,3539,"263,452,000",0.607733243,0.98,0.02,0.35,0.65,0.51,0.49,0.51,0.49,0.47,0.53
1,伊朗,Iran,"1,628,760",9.9,25.5,32,17.1,10.3,160823,4658,"80,890,000",0.643400091,0.97,0.03,0.38,0.62,0.34,0.66,0.53,0.47,0.46,0.54
1,伊拉克,Iraq,"434,128",Not available,27.4,50.5,19.4,13.2,51593,444,"37,628,000",0.617200211,Not available,Not available,0.38,0.62,0.37,0.63,0.52,0.48,0.48,0.52
1,以色列,Israel,"21,640",20.3,26.7,No data,18.7,7.2,10565,37793,"8,424,400",0.374911285,0.69,0.31,0.49,0.51,No data,No data,0.58,0.42,0.53,0.47
1,日本,Japan,"364,560",19.3,4.4,38.1,26.7,10.1,358702,39088,"126,346,000",0.404000108,0.8,0.2,0.53,0.47,0.48,0.52,0.56,0.44,0.58,0.42
1,约旦,Jordan,"88,780",Not available,33.4,11.3,16.4,13.1,13384,5624,"6,888,700",0.630755455,Not available,Not available,0.4,0.6,0.43,0.57,0.58,0.42,0.49,0.51
1,哈萨克斯坦,Kazakhstan,"2,699,700",19.1,21.3,26.9,26.5,11.5,73860,7470,"17,906,000",0.685227621,0.92,0.08,0.45,0.55,0.46,0.54,0.53,0.47,0.49,0.51
1,朝鲜,Korea (North),"120,410",Not available,7.1,No data,19.2,6.2,88090,,"25,155,000",0.532867954,Not available,Not available,0.45,0.55,No data,No data,0.49,0.51,0.46,0.54
1,韩国,Korea (South),"97,489",21.4,4.9,37.1,13.2,9.5,63568,27918,"50,549,000",0.359411309,0.89,0.11,0.46,0.54,0.42,0.58,0.58,0.42,0.56,0.44
1,科威特,Kuwait,"17,820",Not available,37,65.3,17.7,14.7,4552,31092,"3,533,300",0.662398137,0.96,0.04,0.43,0.57,0.45,0.55,0.6,0.4,0.5,0.5
1,吉尔吉斯斯坦,Kyrgyzstan,"191,800",22.2,15.4,13.3,22.7,8.6,19277,976,"5,934,400",0.766420165,0.95,0.05,0.43,0.57,0.38,0.62,0.51,0.49,0.46,0.54
1,老挝,Laos,"230,800",Not available,4.5,15,19.3,5.6,12748,1937,"7,105,200",0.569717555,0.87,0.13,0.36,0.64,0.35,0.65,0.5,0.5,0.49,0.51
1,黎巴嫩,Lebanon,"10,230",Not available,31.3,36.2,19.7,12.6,17814,11636,"4,468,300",0.650739726,0.6,0.4,0.44,0.56,0.55,0.45,0.58,0.42,0.56,0.44
1,马来西亚,Malaysia,"328,550",20.9,15.3,37.7,20.6,9.8,53977,9438,"31,399,000",0.603756068,0.98,0.02,0.42,0.58,0.45,0.55,0.56,0.44,0.52,0.48
1,马尔代夫,Maldives,300,15.5,7.9,28.7,20,8.5,460,9720,"336,410",0.550898204,0.93,0.07,0.34,0.66,0.42,0.58,0.58,0.42,0.51,0.49
1,蒙古,Mongolia,"1,553,560",Not available,19.6,17.3,24.7,9.6,7497,3648,"3,060,100",0.628942953,0.91,0.09,0.43,0.57,0.47,0.53,0.56,0.44,0.51,0.49
1,缅甸,Myanmar,"653,080",16.7,5.7,10.4,22.5,6.6,108199,1221,"54,328,000",0.503731465,0.85,0.15,0.35,0.65,0.38,0.62,0.5,0.5,0.45,0.55
1,尼泊尔,Nepal,"143,350",Not available,3.8,12.6,26.1,9.1,55127,733,"28,843,000",0.564345894,0.7,0.3,0.34,0.66,0.45,0.55,0.52,0.48,0.57,0.43
1,阿曼,Oman,"309,500",7.3,22.9,30.6,16.2,7.5,4047,17594,"3,590,500",0.632937129,0.98,0.02,0.39,0.61,0.42,0.58,0.53,0.47,0.46,0.54
1,巴基斯坦,Pakistan,"770,880",11.5,7.8,32.3,25.4,9.8,411569,1450,"195,962,000",0.638226045,0.91,0.09,0.35,0.65,0.35,0.65,0.53,0.47,0.51,0.49
1,菲律宾,Philippines,"298,170",Not available,6,38.2,19,5.8,233190,2924,"104,190,000",0.635608119,Not available,Not available,0.42,0.58,0.37,0.63,0.54,0.46,0.47,0.53
1,卡塔尔,Qatar,"11,610",9.5,33.9,33.6,15.4,12.8,1054,74004,"2,117,900",0.5,0.91,0.09,0.43,0.57,0.39,0.61,0.59,0.41,0.49,0.51
1,沙特阿拉伯,Saudi Arabia,"2,149,690",Not available,35,51.9,19.1,14.4,42440,19803,"32,299,000",0.706709074,Not available,Not available,0.43,0.57,0.41,0.59,0.56,0.44,0.52,0.48
1,新加坡,Singapore,709,13.3,6.6,37.9,16.7,9.1,8184,54107,"5,488,500",0.457615746,0.86,0.14,0.47,0.53,0.47,0.53,0.59,0.41,0.58,0.42
1,斯里兰卡,Sri Lanka,"62,710",11.4,5.4,29.4,23.8,7.9,48601,3967,"20,823,000",0.521263018,0.99,0.01,0.28,0.72,0.35,0.65,0.5,0.5,0.46,0.54
1,叙利亚,Syria,"183,630",Not available,25.8,No data,20.3,11.9,37885,4303,"18,003,000",0.674782702,Not available,Not available,0.37,0.63,No data,No data,0.52,0.48,0.47,0.53
1,塔吉克斯坦,Tajikistan,"138,790",Not available,12.6,28,20.7,7.6,19166,767,"8,617,000",0.728606729,Not available,Not available,0.42,0.58,0.33,0.67,0.52,0.48,0.5,0.5
1,泰国,Thailand,"510,890",16.6,10.8,25.4,25,9.6,124722,5948,"68,422,000",0.45492911,0.95,0.05,0.35,0.65,0.45,0.55,0.52,0.48,0.47,0.53
1,土耳其,Turkey,"769,630",23.8,32.2,30.6,19.9,13.2,156616,10574,"81,092,000",0.503188786,0.78,0.22,0.38,0.62,0.36,0.64,0.48,0.52,0.46,0.54
1,土库曼斯坦,Turkmenistan,"469,930",6.3,17.5,No data,21.6,10.2,18449,6684,"5,412,600",0.764408535,0.96,0.04,0.43,0.57,No data,No data,0.52,0.48,0.49,0.51
1,阿联酋,United Arab Emirates,"71,020",12.8,29.9,38.2,13,8,5970,,"9,360,980",0.641590543,0.93,0.07,0.41,0.59,0.44,0.56,0.63,0.37,0.48,0.52
1,乌兹别克斯坦,Uzbekistan,"425,400",8.2,15.3,18.4,21.6,8.7,98917,2191,"30,349,000",0.810589113,0.94,0.06,0.42,0.58,0.34,0.66,0.52,0.48,0.48,0.52
1,越南,Vietnam,"310,070",19.5,2.1,25.1,22.2,4.9,172313,2113,"95,301,000",0.528604779,0.97,0.03,0.38,0.62,0.39,0.61,0.52,0.48,0.48,0.52
1,也门,Yemen,"527,970",Not available,14.1,No data,22.5,7.7,56793,992,"27,532,000",0.732850728,Not available,Not available,0.35,0.65,No data,No data,0.5,0.5,0.54,0.46
2,阿尔及利亚,Algeria,"2,381,740",10.5,26.6,31.9,21.7,10.5,,3977,"40,433,000",0.636401273,0.95,0.05,0.36,0.64,0.39,0.61,0.52,0.48,0.49,0.51
2,安哥拉,Angola,"1,246,700",Not available,6.8,No data,22.3,5.6,22541,3708,"25,842,000",0.609595154,Not available,Not available,0.26,0.74,No data,No data,0.52,0.48,0.51,0.49
2,贝宁,Benin,"112,760",Not available,8.2,14.6,21.4,5.1,13423,799,"11,173,000",0.632057259,Not available,Not available,0.26,0.74,0.42,0.58,0.5,0.5,0.5,0.5
2,博茨瓦纳,Botswana,"566,730",16.2,16.1,20.4,22.6,6,2910,5116,"2,140,100",0.51982851,0.82,0.18,0.22,0.78,0.38,0.62,0.5,0.5,0.41,0.59
2,布基纳法索,Burkina Faso,"273,600",9.6,4.5,17.8,24.5,4.2,20377,644,"18,634,000",0.632727837,1,0,0.24,0.76,0.42,0.58,0.48,0.52,0.55,0.45
2,布隆迪,Burundi,"25,680",Not available,4.4,No data,21.6,2.6,11079,237,"11,548,000",0.52958891,0.94,0.06,0.2,0.8,No data,No data,0.49,0.51,0.51,0.49
2,佛得角,Cabo Verde,"4,030",8.1,10.6,18.6,25.2,6.8,1059,3216,"523,670",0.654916512,0.8,0.2,0.3,0.7,0.34,0.66,0.51,0.49,0.49,0.51
2,喀麦隆,Cameroon,"472,710",Not available,9.5,26.9,18.6,4.7,28623,1226,"23,928,000",0.571442832,Not available,Not available,0.27,0.73,0.38,0.62,0.52,0.48,0.48,0.52
2,中非,Central African Republic,"622,980",Not available,6.3,13.5,24.8,5.7,6817,362,"4,926,400",0.621705426,Not available,Not available,0.26,0.74,0.43,0.57,0.51,0.49,0.5,0.5
2,乍得,Chad,"1,259,200",9.7,4.8,21.3,24.3,4.6,17615,720,"14,498,000",0.63122626,0.95,0.05,0.27,0.73,0.41,0.59,0.5,0.5,0.55,0.45
2,科摩罗,Comoros,"1,861",10.9,6.9,12.5,22.1,5.9,989,779,"798,120",0.575334497,0.94,0.06,0.22,0.78,0.31,0.69,0.5,0.5,0.49,0.51
2,刚果（布）,Congo,"341,500",Not available,8.4,26.3,20.8,5.7,5516,182,"48,505,000",0.626889419,Not available,Not available,0.29,0.71,0.43,0.57,0.54,0.46,0.5,0.5
2,刚果（金）,Congo-Kinshasa,"2,267,050",Not available,5.6,22.2,21.8,4.3,76221,510,"81,593,000",0.557762248,Not available,Not available,0.28,0.72,0.43,0.57,0.53,0.47,0.49,0.51
2,科特迪瓦,Cote D'Ivoire,"318,000",Not available,9,31,21.5,5,42677,1527,"23,238,000",0.654374559,0.98,0.02,0.28,0.72,0.44,0.56,0.54,0.46,0.56,0.44
2,吉布提,Djibouti,"23,180",Not available,12.2,No data,21.8,6.2,1395,2017,"939,250",0.608638743,Not available,Not available,0.32,0.68,No data,No data,0.54,0.46,0.52,0.48
2,埃及,Egypt,"995,450",23.5,31.1,29.9,22.6,16.2,245904,3496,"95,056,000",0.669423445,0.99,0.01,0.35,0.65,0.36,0.64,0.49,0.51,0.44,0.56
2,赤道几内亚,Equatorial Guinea,"28,050",Not available,7.4,No data,24.1,7.6,1496,14241,"817,240",0.602982668,Not available,Not available,0.24,0.76,No data,No data,0.53,0.47,0.52,0.48
2,厄立特里亚,Eritrea,"101,000",7.2,4.1,20.5,21.1,3.4,6617,792,"6,760,400",0.589908175,0.95,0.05,0.22,0.78,0.29,0.71,0.5,0.5,0.52,0.48
2,埃塞俄比亚,Ethiopia,"1,000,000",Not available,3.6,13.6,23.6,3.8,109500,698,"103,856,000",0.579668715,Not available,Not available,0.22,0.78,0.38,0.62,0.49,0.51,0.53,0.47
2,加蓬,Gabon,"257,670",Not available,13.4,24.3,21.5,8.1,2518,8241,"1,767,200",0.632663317,Not available,Not available,0.32,0.68,0.33,0.67,0.55,0.45,0.49,0.51
2,冈比亚,Gambia,"10,120",14.5,8.7,19.2,21.5,5.8,2259,914,"969,300",0.664411765,0.98,0.02,0.28,0.72,0.37,0.63,0.54,0.46,0.56,0.44
2,加纳,Ghana,"227,540",Not available,9.7,20.3,18.6,4.8,42231,1541,"28,072,000",0.652377421,0.97,0.03,0.21,0.79,0.42,0.58,0.53,0.47,0.48,0.52
2,几内亚,Guinea,"245,720",Not available,6.6,13.5,24.1,4.7,17388,522,"12,948,000",0.634181924,Not available,Not available,0.25,0.75,0.35,0.65,0.49,0.51,0.52,0.48
2,几内亚比绍,Guinea-Bissau,"28,120",Not available,8.2,No data,24,5.2,2080,649,"1,799,900",0.615020698,Not available,Not available,0.28,0.72,No data,No data,0.5,0.5,0.51,0.49
2,肯尼亚,Kenya,"569,140",6,6,14.2,19.9,4,21473,1458,"47,268,000",0.393509016,0.95,0.05,0.21,0.79,0.45,0.55,0.52,0.48,0.48,0.52
2,莱索托,Lesotho,"30,360",20.4,13.5,5.9,21.5,6,4057,869,"2,078,900",0.53039613,0.99,0.01,0.14,0.86,0.5,0.5,0.44,0.56,0.38,0.62
2,利比里亚,Liberia,"96,320",7.5,8.6,23.5,22.3,5.6,4745,457,"4,749,100",0.612021153,0.91,0.09,0.28,0.72,0.42,0.58,0.51,0.49,0.5,0.5
2,利比亚,Libya,"1,759,540",Not available,31.8,34.4,20.5,13.7,11638,4964,"6,679,000",0.642947903,1,0,0.39,0.61,0.42,0.58,0.55,0.45,0.48,0.52
2,马达加斯加,Madagascar,"581,800",Not available,4.5,15.9,21.8,3.9,31096,391,"24,905,000",0.573726937,0.97,0.03,0.29,0.71,0.36,0.64,0.51,0.49,0.56,0.44
2,马拉维,Malawi,"94,280",Not available,4.7,14.5,21.7,4.3,12397,309,"17,735,000",0.44216571,0.99,0.01,0.2,0.8,0.41,0.59,0.49,0.51,0.51,0.49
2,马里,Mali,"1,220,190",9.1,7.1,39.6,24.9,5,21979,778,"18,117,000",0.584750047,0.93,0.07,0.27,0.73,0.42,0.58,0.48,0.52,0.55,0.45
2,毛里塔尼亚,Mauritania,"1,030,700",17.8,11.3,39.5,25.7,6.7,5152,1133,"4,165,800",0.647724415,0.87,0.13,0.27,0.73,0.43,0.57,0.51,0.49,0.46,0.54
2,毛里求斯,Mauritius,"2,030",21.7,11.5,29.1,27,14.2,3336,8830,"1,329,600",0.426489389,0.92,0.08,0.26,0.74,0.46,0.54,0.51,0.49,0.49,0.51
2,摩洛哥,Morocco,"446,300",15.1,25.6,25.4,23.8,12.4,69457,2973,"34,851,000",0.617187083,0.99,0.01,0.37,0.63,0.39,0.61,0.5,0.5,0.51,0.49
2,莫桑比克,Mozambique,"786,380",Not available,6,5.1,22.8,4.6,23748,419,"28,757,000",0.473558268,Not available,Not available,0.24,0.76,0.45,0.55,0.49,0.51,0.49,0.51
2,纳米比亚,Namibia,"823,290",Not available,15,31.4,22.4,5.4,3283,4353,"2,339,400",0.562928669,Not available,Not available,0.22,0.78,0.43,0.57,0.5,0.5,0.46,0.54
2,尼日尔,Niger,"1,266,700",Not available,4.7,21,27.1,4.1,22350,366,"20,675,000",0.65285973,Not available,Not available,0.24,0.76,0.43,0.57,0.49,0.51,0.55,0.45
2,尼日利亚,Nigeria,"910,770",2.9,7.8,24.7,18.2,4.3,225602,2127,"190,817,000",0.616486495,0.95,0.05,0.26,0.74,0.45,0.55,0.49,0.51,0.51,0.49
2,卢旺达,Rwanda,"24,670",Not available,4.8,13.4,19.6,2.8,9139,702,"11,890,000",0.438868613,0.77,0.23,0.17,0.83,0.37,0.63,0.49,0.51,0.47,0.53
2,圣多美和普林西比,Sao Tome and Principe,960,3.5,10.6,14.6,19.6,5.6,209,1720,"204,030",0.511002445,0.89,0.11,0.3,0.7,0.31,0.69,0.53,0.47,0.5,0.5
2,塞内加尔,Senegal,"192,530",Not available,7.4,21.2,23,5.1,16236,954,"15,594,000",0.60091047,Not available,Not available,0.23,0.77,0.38,0.62,0.5,0.5,0.48,0.52
2,塞舌尔,Seychelles,460,Not available,14.6,18.8,23.5,10.1,265,15476,"91,689",0.577342048,0.83,0.17,0.27,0.73,0.47,0.53,0.55,0.45,0.48,0.52
2,塞拉利昂,Sierra Leone,"72,180",22.5,7.5,13.3,23.3,4.8,12714,656,"6,535,100",0.684394682,0.84,0.16,0.23,0.77,0.34,0.66,0.5,0.5,0.52,0.48
2,索马里,Somalia,"627,340",Not available,6.9,No data,25.8,4.8,15981,,"1,432,000",0.610148137,Not available,Not available,0.25,0.75,No data,No data,0.52,0.48,0.54,0.46
2,南非,South Africa,"1,213,090",16.2,27,37.2,24,9.8,97559,5337,"55,111,000",0.466526076,0.79,0.21,0.27,0.73,0.35,0.65,0.49,0.51,0.39,0.61
2,南苏丹,South Sudan,"619,745",Not available,No data,No data,No data,No data,12205,204,"128,069,000",0.508902139,Not available,Not available,No data,No data,No data,No data,No data,No data,No data,No data
2,苏丹,Sudan,"1,886,068",Not available,7.4,No data,24,6.6  6.6 ,80311,2298,"41,084,000",0.714078671,Not available,Not available,0.24,0.76,No data,No data,0.52,0.48,No data,No data
2,斯威士兰,Swaziland,"17,200",5.9,13.5,26.5,22,6.6,1648,,"1,113,984",0.466723308,0.88,0.12,0.17,0.83,0.42,0.58,0.48,0.52,0.38,0.62
2,坦桑尼亚,Tanzania,"885,800",11.8,7.1,6,20.9,4.3,51617,856,"55,144,000",0.559442909,0.92,0.08,0.24,0.76,0.44,0.56,0.5,0.5,0.48,0.52
2,多哥,Togo,"54,390",4.8,7.1,8.8,21.9,4.9,10519,610,"7,408,300",0.637090425,0.9,0.1,0.24,0.76,0.45,0.55,0.5,0.5,0.49,0.51
2,突尼斯,Tunisia,"155,360",23.7,27.3,29.5,22.8,12.2,31987,3679,"11,381,000",0.681328278,0.86,0.14,0.36,0.64,0.43,0.57,0.51,0.49,0.48,0.52
2,乌干达,Uganda,"200,520",4.8,4.1,5,19.5,2.8,29643,650,"40,290,000",0.454459043,0.87,0.13,0.18,0.82,0.46,0.54,0.51,0.49,0.47,0.53
2,赞比亚,Zambia,"743,390",Not available,6.5,20.1,19.5,4.2,12483,1232,"16,698,000",0.522476143,0.98,0.02,0.23,0.77,0.42,0.58,0.54,0.46,0.48,0.52
2,津巴布韦,Zimbabwe,"386,850",Not available,12.3,24.9,20.3,4.6,14184,891,"15,935,000",0.478930308,Not available,Not available,0.15,0.85,0.42,0.58,0.49,0.51,0.43,0.57
3,澳大利亚,Australia,"7,692,020",12.8,30.4,31.7,18.9,7.3,44042,51087,"24,644,000",0.414384238,0.56,0.44,0.5,0.5,0.44,0.56,0.55,0.45,0.55,0.45
3,库克群岛,Cook Islands,240,20.3,55.3,20.9,21.4,26.8,,,"17,400",,0.6,0.4,0.47,0.53,0.27,0.73,0.56,0.44,0.51,0.49
3,斐济,Fiji,"18,270",16.6,30,16.8,20.3,16.6,2183,5046,"902,980",0.477471566,0.82,0.18,0.41,0.59,0.3,0.7,0.51,0.49,0.45,0.55
3,基里巴斯,Kiribati,810,54.8,45.6,38.3,20.7,22,184,1567,"105,920",0.471794872,0.65,0.35,0.45,0.55,0.42,0.58,0.56,0.44,0.49,0.51
3,马绍尔群岛,Marshall Islands,180,19.8,52.4,47.3,20.4,20.7,,3311,"56,787",,0.89,0.11,0.46,0.54,0.43,0.57,0.56,0.44,0.49,0.51
3,密克罗尼西亚,Micronesia ,700,35.4,41.6,35.7,20.5,18,208,3183,"102,100",0.544502618,0.61,0.39,0.43,0.57,0.45,0.55,0.53,0.47,0.45,0.55
3,瑙鲁,Nauru,21,48.2,60.7,45.9,19.7,28.9,,,"13,049",,0.47,0.53,0.48,0.52,0.43,0.57,0.58,0.42,0.52,0.48
3,新西兰,New Zealand,"263,310",15.5,32,44.6,20.1,8.5,9477,39150,"4,648,500",0.437797385,0.52,0.48,0.49,0.51,0.47,0.53,0.56,0.44,0.56,0.44
3,纽埃,Niue,261,11.6,49.3,8.3,23.3,26.4,,,"1,311",,0.68,0.32,0.45,0.55,0.57,0.43,0.54,0.46,0.49,0.51
3,帕劳,Palau,460,13.3,54.9,44.8,22,22.8,,14057,"21,057",,0.78,0.22,0.47,0.53,0.37,0.63,0.56,0.44,0.54,0.46
3,巴布亚新几内亚,Papua New Guinea,"452,860",Not available,19.4,13.5,20.3,11.8,13264,2568,"7,753,900",0.518246464,Not available,Not available,0.39,0.61,0.37,0.63,0.5,0.5,0.51,0.49
3,萨摩亚,Samoa,"2,830",Not available,45.5,12.4,22,22.8,322,4528,"193,470",0.536666667,0.73,0.27,0.42,0.58,0.32,0.68,0.55,0.45,0.45,0.55
3,所罗门群岛,Solomon Islands,"27,990",29.7,20.5,17.2,17.1,10.8,804,2030,"600,090",0.515715202,0.74,0.26,0.4,0.6,0.36,0.64,0.48,0.52,0.45,0.55
3,汤加,Tonga,720,Not available,45.9,17.1,21.5,21.9,155,4058,"105,970",0.389447236,0.77,0.23,0.43,0.57,0.24,0.76,0.52,0.48,0.44,0.56
3,图瓦卢,Tuvalu,30,Not available,51,30.4,22.8,23.1,,3156,"10,140",,Not available,Not available,0.45,0.55,0.33,0.67,0.54,0.46,0.48,0.52
3,瓦努阿图,Vanuatu,"12,190",27.5,23.5,7.3,20,13.1,440,2964,"260,820",0.545905707,0.81,0.19,0.4,0.6,0.45,0.55,0.51,0.49,0.49,0.51
4,安提瓜和巴布达,Antigua and Barbuda,440,Not available,19.1,No data,24.2,11.8,212,13897,"93,758",0.496487119,Not available,Not available,0.31,0.69,No data,No data,0.55,0.45,0.42,0.58
4,巴哈马,Bahamas,"10,010",10.6,32.1,43,21.2,12.7,727,23445,"385,880",0.512693935,0.81,0.19,0.39,0.61,0.34,0.66,0.58,0.42,0.43,0.57
4,巴巴多斯,Barbados,430,4.9,24.8,44.4,27.9,14.1,947,15564,"287,390",0.455507456,0.91,0.09,0.32,0.68,0.35,0.65,0.52,0.48,0.42,0.58
4,伯利兹,Belize,"22,810",Not available,22.4,No data,18.3,9.9,514,5035,"351,560",0.500974659,Not available,Not available,0.34,0.66,No data,No data,0.55,0.45,0.38,0.62
4,加拿大,Canada,"9,093,510",11.9,31.3,29.8,17.2,7.2,63683,42105,"36,320,000",0.380106243,0.56,0.44,0.5,0.5,0.45,0.55,0.54,0.46,0.55,0.45
4,哥斯达黎加,Costa Rica,"51,060",Not available,25.7,46.2,18.2,8.5,7227,11480,"5,061,900",0.465447285,Not available,Not available,0.41,0.59,0.41,0.59,0.56,0.44,0.49,0.51
4,古巴,Cuba,"104,020",19.4,26.7,38.2,23,10.2,35062,,"11,480,000",0.519260104,0.65,0.35,0.38,0.62,0.42,0.58,0.52,0.48,0.42,0.58
4,多米尼克,Dominica,750,5.5,28.2,24.8,23.4,11.4,,6772,"10,661,000",,0.92,0.08,0.36,0.64,0.32,0.68,0.55,0.45,0.38,0.62
4,多米尼加,Dominica Rapubilic,"48,310",Not available,26.9,37.9,20.1,9.3,22897,7248,"72,297",0.610131102,0.64,0.36,0.38,0.62,0.44,0.56,0.56,0.44,0.42,0.58
4,萨尔瓦多,El Salvador,"20,720",6,22.7,No data,16.8,8.8,9790,4188,"6,377,900",0.491935079,0.89,0.11,0.38,0.62,No data,No data,0.53,0.47,0.44,0.56
4,格林纳达,Grenada,340,11.1,20.2,28.1,22.2,9.8,248,9534,"107,830",0.491089109,0.87,0.13,0.31,0.69,0.37,0.63,0.54,0.46,0.38,0.62
4,危地马拉,Guatemala,"107,160",3.6,18.8,35.5,17,7.5,13841,4086,"16,683,000",0.443366007,0.9,0.1,0.36,0.64,0.5,0.5,0.53,0.47,0.45,0.55
4,海地,Haiti,"27,560",Not available,20.5,No data,20.2,6.9,26617,760,"10,861,000",0.655946572,Not available,Not available,0.4,0.6,No data,No data,0.52,0.48,0.48,0.52
4,洪都拉斯,Honduras,"111,890",Not available,19.4,No data,17.3,7.2,9886,2447,"8,552,400",0.552043779,Not available,Not available,0.37,0.63,No data,No data,0.54,0.46,0.45,0.55
4,牙买加,Jamaica,"10,830",Not available,24.4,32.8,21.9,11.9,5866,4942,"2,788,000",0.459898079,Not available,Not available,0.31,0.69,0.43,0.57,0.55,0.45,0.39,0.61
4,墨西哥,Mexico,"1,943,950",11.8,28.4,28.4,18.5,10.4,159256,8038,"130,130,000",0.424199645,Not available,Not available,0.42,0.58,0.44,0.56,0.55,0.45,0.47,0.53
4,尼加拉瓜,Nicaragua,"120,340",Not available,21.8,No data,17.2,8.1,7174,2144,"6,257,200",0.513308529,Not available,Not available,0.38,0.62,No data,No data,0.53,0.47,0.44,0.56
4,巴拿马,Panama,"74,340",2.8,22.5,No data,19.3,9,5532,13693,"4,025,600",0.469649376,0.79,0.21,0.39,0.61,No data,No data,0.56,0.44,0.47,0.53
4,圣基茨和尼维斯,Saint Kitts-Nevis,260,6.1,23.1,36.3,26.2,14.9,,17248,"55,368",,0.94,0.06,0.34,0.66,0.39,0.61,0.54,0.46,0.43,0.57
4,圣卢西亚,Saint Lucia,610,Not available,19.8,39.7,27.6,14.6,442,7834,"183,680",0.502844141,Not available,Not available,0.31,0.69,0.34,0.66,0.54,0.46,0.47,0.53
4,圣文森特和格林纳丁斯,Saint Vincent and the Grenadines,390,6.9,23.8,No data,23,10.3,318,7097,"107,940",0.522167488,0.91,0.09,0.35,0.65,No data,No data,0.55,0.45,0.43,0.57
4,特立尼达和多巴哥,Trinidad and Tobago,"5,130",18,19.7,38.4,27.6,12.5,3945,17115,"1,332,700",0.48800099,0.79,0.21,0.29,0.71,0.36,0.64,0.52,0.48,0.44,0.56
4,美国,United States,"9,147,420",Not available,37.3,42.5,16.4,9.1,837250,56945,"326,090,000",0.466113844,Not available,Not available,0.49,0.51,0.4,0.6,0.55,0.45,0.54,0.46
5,阿根廷,Argentina,"2,736,690",17.1,28.5,42.3,24.2,10.2,91028,12425,"43,872,000",0.454360771,0.63,0.37,0.48,0.52,0.45,0.55,0.57,0.43,0.49,0.51
5,玻利维亚,Bolivia ,"1,083,300",Not available,18.7,No data,15.1,6.6,16707,3198,"10,893,000",0.541977551,Not available,Not available,0.36,0.64,No data,No data,0.55,0.45,0.42,0.58
5,巴西,Brazil,"8,358,140",12.7,22.3,46.9,23.1,8.1,369072,8515,"211,240,000",0.490100962,0.63,0.37,0.42,0.58,0.43,0.57,0.56,0.44,0.46,0.54
5,智利,Chile,"743,532",21.9,28.8,26.9,22.7,11.4,29698,13616,"18,142,000",0.424918802,0.54,0.46,0.44,0.56,0.45,0.55,0.58,0.42,0.47,0.53
5,哥伦比亚,Colombia,"1,109,500",Not available,22.1,43,18.2,8,83987,5792,"48,752,000",0.499239137,Not available,Not available,0.39,0.61,0.44,0.56,0.55,0.45,0.47,0.53
5,厄瓜多尔,Ecuador,"248,360",3.8,19.3,26.5,16.7,7.3,19848,5977,"16,398,000",0.444146079,0.9,0.1,0.37,0.63,0.45,0.55,0.55,0.45,0.46,0.54
5,圭亚那,Guyana,"196,850",Not available,19.2,No data,19.5,9.1,2258,4423,"781,450",0.637313012,0.91,0.09,0.32,0.68,No data,No data,0.53,0.47,0.4,0.6
5,巴拉圭,Paraguay,"397,300",10.9,19,36.5,21.6,6.9,10521,3899,"7,037,500",0.52911889,0.81,0.19,0.42,0.58,0.51,0.49,0.58,0.42,0.49,0.51
5,秘鲁,Peru,"1,280,000",Not available,19.1,No data,12.6,6.9,35815,6138,"31,793,000",0.446983501,Not available,Not available,0.38,0.62,No data,No data,0.59,0.41,0.46,0.54
5,苏里南,Suriname,"156,000",Not available,26.5,44,21.7,11.9,1326,7411,"558,200",0.575520833,Not available,Not available,0.36,0.64,0.42,0.58,0.54,0.46,0.44,0.56
5,乌拉圭,Uruguay,"175,020",20.4,28.9,23.8,24.4,11.1,9233,15924,"3,426,800",0.430382697,0.6,0.4,0.44,0.56,0.41,0.59,0.55,0.45,0.46,0.54
5,委内瑞拉,Venezuela,"882,050",13.1,25.2,30.4,17.4,8.8,54182,9104,"31,554,000",0.516525735,0.64,0.36,0.44,0.56,0.46,0.54,0.58,0.42,0.52,0.48
